{"stats":{"minecraft:mined":{"minecraft:large_fern":1,"minecraft:sand":1,"minecraft:fern":2},"minecraft:custom":{"minecraft:jump":18,"minecraft:time_since_rest":3322,"minecraft:crouch_one_cm":175,"minecraft:leave_game":1,"minecraft:sprint_one_cm":9097,"minecraft:play_time":3322,"minecraft:walk_on_water_one_cm":800,"minecraft:time_since_death":3322,"minecraft:walk_one_cm":1523,"minecraft:sneak_time":43,"minecraft:total_world_time":3322,"minecraft:walk_under_water_one_cm":827,"minecraft:swim_one_cm":3354,"minecraft:fly_one_cm":3207},"minecraft:used":{"minecraft:sand":1},"minecraft:picked_up":{"minecraft:sand":1}},"DataVersion":3120}